[{"titre": "Venezuela : Nicol\u00e1s Maduro envoie l\u2019arm\u00e9e pour faire baisser les prix", "resume": "Le gouvernement de Nicol\u00e1s Mauro a pris samedi dernier une d\u00e9cision retentissante pour freiner l\u2019augmentation incontr\u00f4l\u00e9e des prix ; il a ordonn\u00e9 \u00e0 l\u2019arm\u00e9e d\u2019occuper les centres commerciaux Daka, une cha\u00eene d\u2019appareils \u00e9lectroniques bien connue", "date": "18.11.2013"}, {"titre": "Carte rabais destin\u00e9e aux musulmans", "resume": "Nicolas Blancho n\u00e9gocie aupr\u00e8s de diff\u00e9rents prestataires des r\u00e9ductions pour les membres de son organisation islamique. Le Conseil central islamique suisse (CCIS) travaille actuellement \u00e0 la cr\u00e9ation d\u2019une carte rabais. Baptis\u00e9e Swiss-Muslim-Card, celle-ci permettra \u00e0", "date": "18.11.2013"}, {"titre": "France: la taxe du jour, les livres d\u2019occasion", "resume": "Une id\u00e9e du ministre de la culture Aur\u00e9lie Filippetti. Suite, voir encore ici Demain, la taxe sur la location de v\u00e9hicules entre", "date": "18.11.2013"}, {"titre": "Treize \u00e0 la douzaine", "resume": "Le bon peuple des Helv\u00e8tes est, tr\u00e8s prochainement, appel\u00e9 aux urnes, afin de se prononcer sur une proposition", "date": "17.11.2013"}, {"titre": "Champions de l\u2019innovation, Isra\u00ebl et la Suisse ont beaucoup \u00e0 s\u2019apporter", "resume": "Mardi dernier, quelque 400 personnes ont r\u00e9pondu \u00e0 l\u2019invitation de l\u2019Association Suisse-Isra\u00ebl pour une soir\u00e9e consacr\u00e9e aux compl\u00e9mentarit\u00e9s possibles entre nos deux pays. Le constat augure de belles", "date": "14.11.2013"}, {"titre": "Un sentiment d\u2019\u00ab\u00a0accablement\u00a0\u00bb s\u2019\u00e9tend en France", "resume": "Les pr\u00e9fets alertent les pouvoirs publics sur l\u2019\u00e9tat de col\u00e8re et d\u2019exasp\u00e9ration de la soci\u00e9t\u00e9 fran\u00e7aise, dans une synth\u00e8se dont le quotidien Le Figaro publie ce jeudi des extraits. Selon le journal, ce texte", "date": "14.11.2013"}, {"titre": "La R\u00e9volution Suisse, un processus irr\u00e9versible?", "resume": "Nous prenons les paris: dans 10 ans,  le taux de ch\u00f4mage moyen en Suisse aura", "date": "14.11.2013"}, {"titre": "\"Les Sacrifi\u00e9s\": les commer\u00e7ants et artisans en col\u00e8re", "resume": "Les artisans et commer\u00e7ants, qui se disent menac\u00e9s de dispara\u00eetre sous le poids grandissant des pr\u00e9l\u00e8vements sociaux et fiscaux, lancent mercredi 13 novembre une campagne pour appeler les Fran\u00e7ais \u00e0 d\u00e9fendre leurs entreprises de proximit\u00e9.", "date": "13.11.2013"}, {"titre": "Ras le bol fiscal, Marche pour la R\u00e9volution Fiscale, trahison des patrons", "resume": "O\u00f9 il est question des  erreurs strat\u00e9giques du", "date": "11.11.2013"}, {"titre": "Des chercheurs suisses inventent la cellule solaire du futur", "resume": "Les scientifiques de l\u2019Empa ont d\u00e9velopp\u00e9 un nouveau proc\u00e9d\u00e9 pour produire des cellules photovolta\u00efques \u00e0 couche mince de CIGS (dis\u00e9l\u00e9niure de cuivre indium gallium) hautement efficientes et flexibles. Ce proc\u00e9d\u00e9 leur a permis d\u2019atteindre un", "date": "08.11.2013"}, {"titre": "Vignette sur la cr\u00e9dulit\u00e9", "resume": "Suisse naturalis\u00e9, Conseiller communal UDC,", "date": "07.11.2013"}, {"titre": "Le PLR ne veut pas que les riches profitent", "resume": "Schizophr\u00e9nie \u00e0 r\u00e9p\u00e9tition dans un parti qui range son lib\u00e9ralisme pour chanter en choeur avec la gauche son amour du fisc et son rejet de la famille dite", "date": "07.11.2013"}, {"titre": "La Suisse en t\u00eate du classement des paradis fiscaux", "resume": "La Suisse figure en t\u00eate du classement 2013 de l\u2019opacit\u00e9 financi\u00e8re \u00e9tabli par le Tax Justice Network. Mais si on avait rajout\u00e9 au Royaume-Uni l\u2019ensemble du r\u00e9seau britannique, y compris les Bermudes, Jersey ou Gibraltar,", "date": "07.11.2013"}, {"titre": "\u00ab L\u2019Immigration co\u00fbte cher \u00e0 la France \u00bb", "resume": "Co\u00fbt de l\u2019immigration\u00a0: les mensonges des \u00ab\u00a0experts\u00a0\u00bb \u00ab\u00a0Qu\u2019en pensent les \u00e9conomistes\u00a0?\u00a0\u00bb est une collection de livres publi\u00e9s par le journal \u00ab\u00a0Les Echos\u00a0\u00bb, propri\u00e9t\u00e9 de l\u2019oligarque Bernard Arnault (LVMH). L\u2019objectif est simple\u00a0: d\u00e9fendre un point de", "date": "06.11.2013"}, {"titre": "France: Hollande triple la taxe sur les\u2026 poneys", "resume": "de 7 \u00e0\u2026 20% \u00ab\u00a0Alors que la contestation bretonne semble partie pour durer, une contestation des professionnels des activit\u00e9s \u00e9questres pourrait faire tr\u00e8s mal\u00a0:\u00a0le cheval, c\u2019est 7\u00a0000\u00a0centres \u00e9questres en France, 18\u00a0000\u00a0employ\u00e9s, 250\u00a0000\u00a0chevaux, 2,3\u00a0millions de Fran\u00e7ais", "date": "05.11.2013"}, {"titre": "La France sous psychotropes", "resume": "\u00ab\u00a0Dans son num\u00e9ro 148, l\u2019excellente revue\u00a0El\u00e9ments\u00a0se penchait dans son dossier sur \u201cLa France malade de sa m\u00e9decine\u201d. Jean-Fran\u00e7ois Gautier y d\u00e9cortiquait savamment le syst\u00e8me \u00e0 fabriquer des malades, par le diagnostic permanent et l\u2019obsession m\u00e9dicale", "date": "05.11.2013"}, {"titre": "Eveline Widmer-Schlumpf a-t-elle fait d\u00e9visser UBS et Credit Suisse?", "resume": "Comment faire chuter l\u2019action de deux g\u00e9ants bancaires? La recette a \u00e9t\u00e9 donn\u00e9e par une conseill\u00e8re f\u00e9d\u00e9rale, et non un investisseur, ce week-end: Eveline Widmer-Schlumpf a d\u00e9clar\u00e9 \u00e0 la presse dominicale qu\u2019UBS et Credit Suisse", "date": "05.11.2013"}, {"titre": "La France est en guerre, elle n\u2019a pas confiance en ses chefs", "resume": "Les chefs actuels ne prot\u00e8gent pas des dangers ext\u00e9rieurs, ils se dressent contre leur peuple et le manipulent, pour, au contraire, imposer les volont\u00e9s de l\u2019\u00e9tranger, qu\u2019il soit am\u00e9ricain, allemand ou \u00e9mir  ou prince.\nComment", "date": "05.11.2013"}, {"titre": "Familles: la haute bourgeoisie vous demande de voter contre", "resume": "", "date": "04.11.2013"}, {"titre": "La globalisation des emplois et des salaires", "resume": "Le d\u00e9bat autour de l\u2019initiative 1:12 r\u00e9v\u00e8le un malaise grandissant face aux \u00e9carts salariaux. La question passionne d\u2019autant plus que certains b\u00e9n\u00e9ficiaires de bonus mirobolants sont montr\u00e9s du doigt en tant que responsables de la", "date": "04.11.2013"}]