[{"titre": "Enqu\u00eate : La \u00ab\u00a0guerre du lait\u00a0\u00bb couve en France", "resume": "", "date": "15.12.2014"}, {"titre": "Sortie du nucl\u00e9aire\u00a0: \u00e9clairage sur les co\u00fbts. On prend les citoyens pour des idiots.", "resume": "", "date": "09.12.2014"}, {"titre": "La Suisse trahie par sa banque centrale, Lukas H\u00e4ssig", "resume": "Le 6 ao\u00fbt 2011, l\u2019agence de notation Standard & Poor\u2019s d\u00e9gradait la note des Etats-Unis. Pour la premi\u00e8re fois, la superpuissance, le pays du tout est possible, perdait son triple-A. Le dollar s\u2019est mis", "date": "02.12.2014"}, {"titre": "La Russie et la Chine accusent les Etats-Unis de ne d\u00e9tenir aucun stock d\u2019or", "resume": "Les \u00e9ditions King World News ont publi\u00e9 une\u00a0interview\u00a0de l\u2019expert Steve Quayle, dans laquelle il a annonc\u00e9 que la Chine et\u00a0la Russie\u00a0se pr\u00e9parent \u00e0 exiger publiquement des USA la preuve de ce qu\u2019ils d\u00e9tiennent un stock", "date": "29.11.2014"}, {"titre": "Initiative sur l\u2019Or: le r\u00eave d\u2019une finance au service du Pays", "resume": "Enseignant,", "date": "28.11.2014"}, {"titre": "La RTS cherche-t-elle \u00e0 d\u00e9sinformer sur l\u2019or?", "resume": "Enseignant,", "date": "14.11.2014"}, {"titre": "Nucl\u00e9aire suisse. Doris Leuthard a cette fois-ci raison\u2026", "resume": "", "date": "14.11.2014"}, {"titre": "La d\u00e9mocratie directe suisse nargue les march\u00e9s financiers", "resume": "Paypal dit non \u00e0 l\u2019initiative \u00ab Sauvez l\u2019or suisse \u00bb ! Le compte Paypal des initiants est bloqu\u00e9 sans autre explication depuis la fin octobre \u2013 et les fonds qui s\u2019y trouvaient sont gel\u00e9s.", "date": "11.11.2014"}, {"titre": "Non  \u00e0 l\u2019abolition de l\u2019imp\u00f4t selon la d\u00e9pense", "resume": "NDR.  Communiqu\u00e9 du Comit\u00e9 romand \u00a0\u00bb Non \u00e0 l\u2019initiative sur l\u2019imposition d\u2019apr\u00e8s la d\u00e9pense\u00a0\u00bb. Votations populaires du 30 novembre", "date": "11.11.2014"}, {"titre": "[Suisse] La r\u00e9volution des edelweiss sera une r\u00e9volution des coquelicots", "resume": "NDR. Proposition de nos lecteurs.Avec nos", "date": "09.11.2014"}, {"titre": "Nucl\u00e9aire: \u00ab\u00a0Le Conseil f\u00e9d\u00e9ral nous prend pour des idiots\u00a0\u00bb", "resume": "Dans la Basler Zeitung, le docteur \u00e8s sciences Irene Aegerter s\u2019oppose \u00e0 la transition \u00e9nerg\u00e9tique parce qu\u2019elle aggrave la pollution de l\u2019environnement. Ainsi, elle entend ne pas faire la part belle aux agitateurs et id\u00e9ologues", "date": "08.11.2014"}, {"titre": "Scandale.  L\u2019or allemand a disparu !  Les experts avertissent", "resume": "NDR. Vid\u00e9o du 3 ao\u00fbt 2014. Rediffusion \u00e0 l\u2019occasion de la votation en Suisse du 30 novembre 2014 : \u00ab\u00a0Sauvez l\u2019or de la BNS\u00a0\u00bb . La situation de l\u2019or de la Suisse est-elle la m\u00eame", "date": "07.11.2014"}, {"titre": "Lettre ouverte \u00e0 Thomas Mazzone donneur de le\u00e7ons", "resume": "", "date": "06.11.2014"}, {"titre": "M\u00eame si tous les accords bilat\u00e9raux Suisse-UE tombaient, ce ne serait pas grave", "resume": "NDR. Etant donn\u00e9 le chantage constant et massif affirmant que l\u2019acceptation de la votation sur Ecopop le 30 novembre 2014 ou la mise en application de celle du 9 f\u00e9vrier 2014 sur \u00ab\u00a0L\u2019immigration de masse\u00a0\u00bb", "date": "05.11.2014"}, {"titre": "Non \u00e0 l\u2019initiative d\u2019Ecopop", "resume": "", "date": "02.11.2014"}, {"titre": "\u00c9lectricit\u00e9: lib\u00e9ralisme du march\u00e9 et dirigisme de la production", "resume": "", "date": "01.11.2014"}, {"titre": "Non \u00e0 l\u2019initiative \u00ab\u00a0Halte aux privil\u00e8ges fiscaux des millionnaires (forfaits fiscaux)\u00a0\u00bb", "resume": "", "date": "31.10.2014"}, {"titre": "Le 30 novembre 2014: oui \u00e0 l\u2019initiative \u00ab\u00a0Sauvez l\u2019or de la Suisse\u00a0\u00bb", "resume": "", "date": "30.10.2014"}, {"titre": "L\u2019initiative sur l\u2019abolition des forfaits fiscaux est intellectuellement malhonn\u00eate", "resume": "Le 30 novembre nous voterons pas seulement sur l\u2019abolition des forfaits fiscaux mais, comme le texte pr\u00e9voit que \u00ab\u00a0les privil\u00e8ges fiscaux pour les personnes physiques sont illicites\u00a0\u00bb, nous voteront \u00e9galement sur l\u2019intention cach\u00e9e des initiants", "date": "29.10.2014"}, {"titre": "Sauvons l\u2019or de la Suisse", "resume": "Actuaire et \u00e9conomiste, d\u00e9put\u00e9 UDC au Grand Conseil", "date": "28.10.2014"}]