[{"titre": "Coronavirus : \u00ab Une \u00e9conomie de guerre commence comme cela : d\u2019abord des largesses, ensuite des sanctions, puis des r\u00e9quisitions \u00bb", "resume": "L\u2019Etat resserre progressivement son \u00e9tau sur l\u2019\u00e9conomie et les entreprises. Il paye les salaires et les factures, sanctionne les abus et sera probablement, dans certains cas, contraint de proc\u00e9der \u00e0 des r\u00e9quisitions, estime Philippe Escande,", "date": "30.03.2020"}, {"titre": "Royaume-Uni : Boris Johnson augmente le salaire minimum", "resume": "Apr\u00e8s sa victoire \u00e9lectorale, le Premier ministre veut faire oublier l\u2019aust\u00e9rit\u00e9 appliqu\u00e9e par son parti gr\u00e2ce une hausse du salaire minimum. Le salaire minimum pour les employ\u00e9s de plus de 25 ans va augmenter de", "date": "31.12.2019"}, {"titre": "La grande crainte des medtech suisses: devoir s\u2019expatrier pour survivre \u00e0 cause de la bureaucratie de l\u2019UE", "resume": "Les articles se multiplient pour nous pr\u00e9parer \u00e0 accepter l\u2019accord-cadre affectant directement notre souverainet\u00e9 au lieu d\u2019incriminer l\u2019Union Europ\u00e9enne pour son diktat insupportable. ********** Les firmes de technologie m\u00e9dicale suisses doutent. La nouvelle r\u00e9glementation de", "date": "09.12.2019"}, {"titre": "Su\u00e8de : 8 communes sur 10 devront faire des \u00e9conomies drastiques pour compenser le co\u00fbt de l\u2019accueil des migrants", "resume": "Selon une enqu\u00eate r\u00e9alis\u00e9e par SVT, huit municipalit\u00e9s sur dix pr\u00e9voient de r\u00e9aliser des \u00e9conomies en r\u00e9duisant fortement les d\u00e9penses. (\u2026) 46% des municipalit\u00e9s d\u00e9clarent qu\u2019elles doivent \u00e9conomiser dans le domaine des personnes handicap\u00e9es. Environ", "date": "09.12.2019"}, {"titre": "Energie, \u00e9conomie, social, immigration : L\u2019Allemagne de Merkel est en feu et vit dans le mensonge.", "resume": "Si l\u2019Allemagne \u00e9tait une entreprise, il y aurait un panneau accroch\u00e9 \u00e0 l\u2019entr\u00e9e d\u00e9clarant : \u00ab\u00a0On ferme.\u00a0\u00bb Infrastructures endommag\u00e9es, Internet plus lent qu\u2019en Roumanie, \u00e9coles sales, syst\u00e8me \u00e9nerg\u00e9tique en panne, avenir g\u00e2ch\u00e9 : Le pays", "date": "01.10.2019"}, {"titre": "Lobbying \u00e0 Bruxelles, Soros, ONU et ISESCO, P\u00e8res fondateurs de l\u2019UE, que de malfaisances que cachent nos journaux quotidiens alors que tous d\u00e9truisent les Etats-nations de l\u2019Europe", "resume": "Lobbying \u00e0 Bruxelles, Soros, ONU et ISESCO, P\u00e8res fondateurs de l\u2019UE, que de malfaisances que cachent nos journaux quotidiens alors que tous d\u00e9truisent les Etats-nations de l\u2019Europe! \u00a0 Bruxelles est devenue la capitale mondiale du", "date": "28.04.2019"}, {"titre": "Valais. Affaire des vendanges 2016. L\u2019IVV entre dilettantisme et d\u00e9sinformation M\u00e0J.", "resume": "", "date": "01.04.2019"}, {"titre": "Vignerons valaisans. L\u2019IVV a-t-elle fait perdre des millions \u00e0 la viticulture valaisanne\u00a0?", "resume": "", "date": "15.03.2019"}, {"titre": "GastroSuisse europ\u00e9enne et anti-suisse", "resume": "Journaliste, retrait\u00e9 RTS,", "date": "27.01.2019"}, {"titre": "Introduction \u00e0 l\u2019\u00e9cole autrichienne d\u2019\u00e9conomie, d\u2019Eamonn Butler", "resume": "", "date": "23.01.2019"}, {"titre": "Un million de pourcents d\u2019inflation d\u2019ici fin 2018 au Venezuela, pr\u00e9dit le FMI", "resume": "L\u2019inflation au Venezuela devrait acc\u00e9l\u00e9rer pour s\u2019\u00e9lever \u00e0 un million de pourcents d\u2019ici la fin de l\u2019ann\u00e9e, selon des pr\u00e9visions du FMI. Le PIB du pays, en crise financi\u00e8re et humanitaire, devrait se contracter de", "date": "24.07.2018"}, {"titre": "Strat\u00e9gie Energ\u00e9tique 2050 : une \u00e9tude de plus le confirme, elle est \u00ab non faisable \u00bb", "resume": "", "date": "18.05.2018"}, {"titre": "Le train fou de la BNS", "resume": "Combien de temps peut-on imprimer des billets et acheter des actions avec sans que personne ne se rende compte de rien? Et lorsque ce moment survient, que se passe-t-il? C\u2019est avec ces questions en t\u00eate", "date": "04.04.2018"}, {"titre": "Suisse-UE. Accord sur l\u2019\u00e9nergie : comment la Berne f\u00e9d\u00e9rale contourne la d\u00e9mocratie directe", "resume": "Accord sur l\u2019\u00e9nergie\u00a0: comment la Berne f\u00e9d\u00e9rale contourne la d\u00e9mocratie directe. \u00a0 Le 22 septembre 2002, une votation a eu lieu au sujet de l\u2019ouverture du march\u00e9 de l\u2019\u00e9lectricit\u00e9. Par 47,4% de OUI pour 52,6%", "date": "08.02.2018"}, {"titre": "R\u00e9cits du ch\u00f4mage", "resume": "Suisse naturalis\u00e9, Conseiller communal UDC,", "date": "26.01.2018"}, {"titre": "UE. Au fou!  Comment l\u2019Union europ\u00e9enne veut nous piquer nos belles montres en passant \u00e0 la douane\u2026 et pourquoi c\u2019est insens\u00e9", "resume": "Comment l\u2019Union europ\u00e9enne veut nous piquer nos belles montres en passant \u00e0 la douane et pourquoi c\u2019est", "date": "16.12.2017"}, {"titre": "Europe : plusieurs millions de migrants sont en route", "resume": "\u00ab Un exode africain de proportion biblique impossible \u00e0 arr\u00eater \u00bb par Soeren Kern Traduction du texte original: Europe\u2019s Migrant Crisis: Millions Still to Come \u2022 Plus de six millions de migrants campent, dans diff\u00e9rents", "date": "07.12.2017"}, {"titre": "La fi\u00e8vre du Bitcoin", "resume": "Suisse naturalis\u00e9, Conseiller communal UDC,", "date": "07.12.2017"}, {"titre": "M\u00e9dias. BREXIT NOVEMBRE 2017- RTS fact checking. Bulletin de r\u00e9information", "resume": "BREXIT NOVEMBRE 2017- RTS fact checking \u00a0 Bulletin de r\u00e9information. \u00a0 En ce samedi soir de novembre, dans cette p\u00e9riode o\u00f9 les guirlandes de No\u00ebl commencent \u00e0 d\u00e9corer nos rues, \u00e0 se couvrir du", "date": "28.11.2017"}, {"titre": "Magdalena Martullo-Blocher: \u00ab\u00a0M\u00eame sans la libre circulation des personnes, la Suisse s\u2019en sortira!\u00a0\u00bb", "resume": "[\u2026] Magdalena Martullo-Blocher appara\u00eet comme un acteur politique incontournable, trois mois avant le lancement d\u2019une nouvelle initiative populaire de ce parti, visant \u00e0 an\u00e9antir l\u2019accord bilat\u00e9ral sur la libre circulation des personnes avec l\u2019Union europ\u00e9enne", "date": "09.10.2017"}]