[{"titre": "\u00ab\u00a0Voici revenu le temps des imposteurs\u00a0\u00bb de Guy Milli\u00e8re", "resume": "", "date": "26.10.2014"}, {"titre": "Le vote suisse sur l\u2019or du 30 nov. 2014 d\u00e9cha\u00eene les passions aux USA.", "resume": "NDR. Et chez nous en Suisse? A lire avant la votation du 30", "date": "21.10.2014"}, {"titre": "Et si la Suisse mise au pied du mur adoptait l\u2019euro ?", "resume": "Fondatrice\u00a0Pro Mind Consulting,", "date": "21.10.2014"}, {"titre": "La Banque nationale suisse au service du public ou des\u00a0march\u00e9s?", "resume": "Fondatrice\u00a0Pro Mind Consulting,", "date": "06.09.2014"}, {"titre": "Pourquoi pas un m\u00eame taux de TVA r\u00e9duit pour toute l\u2019alimentation?", "resume": "", "date": "27.08.2014"}, {"titre": "Lib\u00e9ralisme et \u00e9tatisme, deux orientations que tout oppose.", "resume": "Consultant", "date": "21.08.2014"}, {"titre": "L\u2019imp\u00f4t sur les successions: une fausse bonne id\u00e9e", "resume": "", "date": "05.08.2014"}, {"titre": "6\u00e8me Week-End de la Libert\u00e9 \u00e0 Dax 3/3", "resume": "", "date": "23.07.2014"}, {"titre": "6\u00e8me Week-End de la Libert\u00e9 \u00e0 Dax 2/3", "resume": "", "date": "22.07.2014"}, {"titre": "6\u00e8me Week-End de la Libert\u00e9 \u00e0 Dax 1/3", "resume": "", "date": "18.07.2014"}, {"titre": "Les banques centrales enrichissent les sp\u00e9culateurs.", "resume": "Fondatrice\u00a0Pro Mind Consulting,", "date": "11.07.2014"}, {"titre": "Rome \u2013 Du lib\u00e9ralisme au socialisme, de Philippe Fabry", "resume": "", "date": "02.07.2014"}, {"titre": "L\u2019immigration \u00e9trang\u00e8re de masse, Lettre ouverte aux Commissaires de L\u2019UE", "resume": "\u00ab\u00a0Lettre ouverte \u00e0 la Commission de l\u2019Union Europ\u00e9enne : L\u2019immigration \u00e9trang\u00e8re de masse\u00a0\u00bb, du Prof.  Jean-Daniel", "date": "02.07.2014"}, {"titre": "La loi anti-Amazon ne sauvera pas les libraires d\u00e9pourvus d\u2019inventivit\u00e9", "resume": "", "date": "30.06.2014"}, {"titre": "Nos autorit\u00e9s en soucis pour les \u00e9tudiants, et les apprentis ?", "resume": "", "date": "27.06.2014"}, {"titre": "Argentine, faillite et respect du droit", "resume": "Suisse naturalis\u00e9, Conseiller communal UDC,", "date": "23.06.2014"}, {"titre": "Les d\u00e9convenues de l\u2019ouverture et de l\u2019int\u00e9gration", "resume": "", "date": "17.06.2014"}, {"titre": "Les autorit\u00e9s suisses ont d\u00e9j\u00e0 dit \u00ab oui \u00bb \u00e0 l\u2019Union Europ\u00e9enne (III)", "resume": "Fondatrice\u00a0Pro Mind Consulting,", "date": "02.06.2014"}, {"titre": "Entr\u00e9e historique du Parti des citoyens libres au Parlement europ\u00e9en", "resume": "Le principal alli\u00e9 du Parti des citoyens libres au Parlement europ\u00e9en sera le Parti pour l\u2019ind\u00e9pendance du Royaume-Uni (UKIP). Son leader, Nigel Farage, qui a rencontr\u00e9 Mach en f\u00e9vrier dernier \u00e0 Strasbourg, vient de remporter", "date": "27.05.2014"}, {"titre": "Apr\u00e8s les \u00e9lections, au lieu d\u2019enfumer, il faut prolonger, reconstruire", "resume": "", "date": "26.05.2014"}]