[{"titre": "Les Etats\u00a0Unis en voie de tiers\u00a0mondisation", "resume": "Le 6 novembre dernier, les statistiques am\u00e9ricaines faisaient \u00e9tat d\u2019un taux de ch\u00f4mage de 5\u00a0%, un niveau consid\u00e9r\u00e9 comme \u00e9tant celui du plein\u00a0emploi. Les Etats\u00a0Unis sont\u00a0ils donc sortis de la crise\u00a0? Les choses ne sont", "date": "12.11.2015"}, {"titre": "L\u2019\u00e9conomie collaborative, dernier stade du capitalisme\u00a0?", "resume": "Il y a quelques jours, le jeune \u00e9conomiste Charles\u00a0Antoine Schwerer publiait une tribune d\u00e9non\u00e7ant l\u2019absorption de l\u2019\u00e9conomie de partage par l\u2019\u00e9conomie de march\u00e9. Pourriez\u00a0vous nous dire ce qu\u2019on entend par \u00e9conomie de partage\u00a0? L\u2019\u00e9conomie de", "date": "05.11.2015"}, {"titre": "Hollande est-il vraiment socialiste ? Bien s\u00fbr", "resume": "", "date": "29.10.2015"}, {"titre": "Capitalisme", "resume": "", "date": "17.10.2015"}, {"titre": "Aider l\u2019\u00e9nergie hydraulique, seul atout d\u2019une production indig\u00e8ne", "resume": "La production d\u2019\u00e9lectricit\u00e9 hydraulique en Suisse est confront\u00e9e \u00e0 une forte concurrence \u00e9trang\u00e8re. La Suisse a pourtant un int\u00e9r\u00eat strat\u00e9gique \u00e0 conserver une large autonomie \u00e9nerg\u00e9tique. Les quelque 700 millions de francs de la", "date": "19.08.2015"}, {"titre": "Vive la sp\u00e9culation", "resume": "Philosophe, \u00e9crivain,", "date": "26.07.2015"}, {"titre": "Avec Laudato Si\u2019, Pape Fran\u00e7ois illustre le principe de Peter", "resume": "", "date": "17.07.2015"}, {"titre": "Banques, des centaines de milliards d\u2019amendes, c\u2019est vous qui les payez !", "resume": "", "date": "23.05.2015"}, {"titre": "Non \u00e0 l\u2019imp\u00f4t f\u00e9d\u00e9ral sur les successions", "resume": "", "date": "21.05.2015"}, {"titre": "L\u2019incomp\u00e9tence \u00e9conomique des socialistes fran\u00e7ais. Alstom, Fitch, SFR, Alcatel, Dentressangle\u2026 la grande braderie socialiste", "resume": "", "date": "29.04.2015"}, {"titre": "Le patronat n\u2019appartient pas aux lib\u00e9raux", "resume": "Journaliste et entrepreneur", "date": "15.04.2015"}, {"titre": "Piketty, au piquet!, de Fr\u00e9d\u00e9ric Georges-Tudo", "resume": "", "date": "12.04.2015"}, {"titre": "L\u2019euro sent le sapin", "resume": "", "date": "27.03.2015"}, {"titre": "Les frontaliers plus motiv\u00e9s que les Suisses?", "resume": "Fran\u00e7ois Schaller, Agefi, Editorial, 20 mars 2015, L\u2019autre motivation des", "date": "20.03.2015"}, {"titre": "On va dans le mur, d\u2019Agn\u00e8s Verdier-Molini\u00e9", "resume": "", "date": "12.03.2015"}, {"titre": "L\u2019USAM, fiert\u00e9 de notre vie sociale en Suisse", "resume": "Journaliste et entrepreneur", "date": "05.03.2015"}, {"titre": "Transition hydraulique d\u00e9vastatrice", "resume": "", "date": "21.02.2015"}, {"titre": "Lib\u00e9ralisme, un \u00e9pouvantail construit de toutes pi\u00e8ces", "resume": "", "date": "18.02.2015"}, {"titre": "Ineptie des sanctions contre la Russie: de Reagan \u00e0 l\u2019affaire du Gazoduc", "resume": "Journaliste", "date": "18.12.2014"}, {"titre": "La Russie et la probl\u00e9matique des banques centrales \u00ab\u00a0modernes\u00a0\u00bb [vid\u00e9os]", "resume": "Enseignant,", "date": "17.12.2014"}]