[{"titre": "Quand la gauche parle de patriotisme\u2026", "resume": "C\u2019est forc\u00e9ment \u00ab\u00a0fiscal\u00a0\u00bb.", "date": "31.01.2014"}, {"titre": "La loi qui a permis la financiarisation \u00e0 haut risque de la BNS", "resume": "Un article publi\u00e9 dans Le Temps de ce", "date": "20.01.2014"}, {"titre": "Lettonie: l\u2019euro de gr\u00e9 ou de force", "resume": "Le plus grand fl\u00e9au \u00e9conomique depuis le retrait de l\u2019Arm\u00e9e rouge s\u2019appr\u00eate \u00e0 s\u2019abattre sur les pays baltes. \u00ab\u00a0Une simple formalit\u00e9 technique\u00a0\u00bb, selon la classe politique. El\u00e8ve mod\u00e8le de l\u2019UE, la Lettonie doit se pr\u00e9parer", "date": "30.12.2013"}, {"titre": "Fonds juifs: Bronfman est mort \u00e0 New York", "resume": "", "date": "23.12.2013"}, {"titre": "Aide sociale: 3 fois plus d\u2019\u00e9trangers que de Suisses", "resume": "\u00ab\u00a0Les chiffres de l\u2019office f\u00e9d\u00e9ral de la statistique viennent de sortir. 2,2% des Suisses et des Suissesses recourent \u00e0 l\u2019aide sociale. La part des hommes dans ce cas (2,3%) est plus \u00e9lev\u00e9e que celle", "date": "17.12.2013"}, {"titre": "Chypriotage des comptes: l\u2019UE est \u00e0 l\u2019heure", "resume": "Votre argent devient celui de la banque en cas de p\u00e9pin. Comme par magie, vous voil\u00e0 devenu actionnaire solidaire, avec pleine participation aux risques pour \u00e9ponger la dette\u2026 Pas celle que la banque a envers", "date": "13.12.2013"}, {"titre": "France \u2013 Fiscalit\u00e9: \u00ab\u00a0schizophr\u00e9nie avanc\u00e9e\u00a0\u00bb", "resume": "Le 12 d\u00e9cembre, Nicolas Doze s\u2019est int\u00e9ress\u00e9 \u00e0 l\u2019instabilit\u00e9 fiscale qui persiste en France, sur BFM Business. Chaque matin, dans Good Morning Business, Nicolas Doze d\u00e9briefe l\u2019actualit\u00e9 sur BFMBusiness, premi\u00e8re cha\u00eene d\u2019informations \u00e9conomiques en France.", "date": "13.12.2013"}, {"titre": "La France en cessation de paiement", "resume": "L\u2019in\u00e9narrable Fran\u00e7ois Schaller dans ses", "date": "12.12.2013"}, {"titre": "\u00ab Pourquoi je vais quitter la France \u00bb, par Jean-Philippe Delsol", "resume": "", "date": "07.12.2013"}, {"titre": "Gauche et phobie de la richesse", "resume": "Extraits des d\u00e9bats parlementaires sur les forfaits", "date": "06.12.2013"}, {"titre": "France: Le dogme politique ruine l\u2019\u00e9conomie fran\u00e7aise", "resume": "Arnaud Pineau-Valencienne dans Le Temps du", "date": "06.12.2013"}, {"titre": "Pauvres de Suisse! Pauvres d\u2019ailleurs!", "resume": "Xavier Colin dans", "date": "06.12.2013"}, {"titre": "La Suisse ambitionne de devenir le coffre-fort num\u00e9rique du monde", "resume": "Espionnage \u00e9lectronique, scandale de la NSA\u2026 alors que les groupes technologiques am\u00e9ricains sont accus\u00e9s de collaborer avec les services secrets, en Suisse les entreprises de stockage de donn\u00e9es voient les clients affluer et elles ambitionnent", "date": "06.12.2013"}, {"titre": "Boycotter l\u2019accord US", "resume": "Marie-H\u00e9l\u00e8ne Miauton dans Le", "date": "06.12.2013"}, {"titre": "Le Conseil des Etats refuse l\u2019abolition des forfaits fiscaux", "resume": "\u00ab\u00a0Le Conseil des Etats ne veut pas faire fuir les riches \u00e9trangers de Suisse. Au dam de la gauche, il a rejet\u00e9 jeudi par 30 voix contre 9 et 3 abstentions l\u2019initiative populaire pour l\u2019abolition", "date": "05.12.2013"}, {"titre": "Le charbon allemand au TJ", "resume": "", "date": "04.12.2013"}, {"titre": "Trafic mondial: l\u2019euro c\u00e8de sa place au yuan chinois", "resume": "Le yuan chinois a d\u00e9pass\u00e9 l\u2019euro dans la liste des monnaies les plus cot\u00e9es en 2013, selon les informations de la Soci\u00e9t\u00e9 des t\u00e9l\u00e9communications financi\u00e8res interbancaires mondiales (SWIFT). Actuellement le yuan est deuxi\u00e8me apr\u00e8s le", "date": "04.12.2013"}, {"titre": "Vent de r\u00e9volte \u00e0 Berne contre le programme de r\u00e9gularisation am\u00e9ricain", "resume": "Le conseiller national Christian L\u00fcscher (PLR/GE) veut interpeller la ministre des Finances sur les incoh\u00e9rences et les cons\u00e9quences dramatiques de l\u2019accord de r\u00e9gularisation des banques avec les Etats-Unis. La fronde politique menace Alors que l\u2019incertitude", "date": "04.12.2013"}, {"titre": "L\u2019Islande aide ses citoyens, pas les banques", "resume": "D\u00e9cid\u00e9ment,\u00a0les Islandais ne font rien comme les autres. Non seulement\u00a0ils ont d\u00e9cid\u00e9 d\u00e9mocratiquement de ne pas faire payer le peuple pour renflouer les errements des banques, mais en plus, ils tiennent leur promesse de campagne.", "date": "04.12.2013"}, {"titre": "L\u2019Allemagne retourne au charbon", "resume": "Destruction de village, retour aux ciels de plomb des grandes heures de la Ruhr au XIXe. A l\u2019origine, le but \u00e9tait \u00e9cologique, se d\u00e9barrasser du nucl\u00e9aire, du CO2. Bienvenue dans le nouveau mill\u00e9naire\u2026", "date": "04.12.2013"}]