[{"titre": "La catastrophe est programm\u00e9e", "resume": "Conseiller national UDC,", "date": "26.05.2014"}, {"titre": "Drogue et prostitution pour sauver le PIB", "resume": "Suisse naturalis\u00e9, Conseiller communal UDC,", "date": "26.05.2014"}, {"titre": "Les autorit\u00e9s suisses ont d\u00e9j\u00e0 dit \u00ab\u00a0oui\u00a0\u00bb \u00e0 l\u2019Union Europ\u00e9enne (II)", "resume": "Fondatrice\u00a0Pro Mind Consulting,", "date": "22.05.2014"}, {"titre": "Socialistes et \u00ab\u00a0patriotisme \u00e9conomique\u00a0\u00bb", "resume": "C\u2019est \u00ab la fin du laisser-faire \u00bb, explique le ministre de l\u2019\u00e9conomie, Arnaud Montebourg. \u00ab Le choix que nous avons fait, avec le premier ministre, est un choix de patriotisme \u00e9conomique. Ces mesures de protection", "date": "15.05.2014"}, {"titre": "Le Parti socialiste se d\u00e9fend d\u2019\u00e9touffer la classe moyenne sous l\u2019imp\u00f4t", "resume": "Se d\u00e9fend bien mal, \u00e7a va de soi. Comment prot\u00e9ger les super riches, sans cesser de monter les imp\u00f4ts\u2026 \u00ab\u00a0Les familles de la classe moyenne dites sup\u00e9rieure sont-elles trop mises \u00e0 contribution? La gauche fait-elle", "date": "09.05.2014"}, {"titre": "F\u00eater moins pour travailler plus!", "resume": "Pr\u00e9sident du RPF, d\u00e9put\u00e9", "date": "09.05.2014"}, {"titre": "Valais: le salaire minimum pourrait ruiner la formation du canton", "resume": "Un exemple de la disparition de contrat par exc\u00e8s de", "date": "07.05.2014"}, {"titre": "\u00d4 douce France !", "resume": "Ce qui manque \u00e0 la France actuelle \u2013pays pour lequel la Suisse et les suisses ont une inclination certaine -c\u2019est une gestion intelligente par des personnages \u00e0 la Raymond Poincar\u00e9 ou \u00e0 la Antoine Pinay,", "date": "06.05.2014"}, {"titre": "UDC: \u00ab\u00a0les Etats-Unis sont devenus nos ennemis\u00a0\u00bb", "resume": "Du coup, leur laisser notre or n\u2019est peut-\u00eatre pas forc\u00e9ment la meilleure id\u00e9e qu\u2019on puisse avoir. \u00a0 La tr\u00e8s pertinente intervention de l\u2019UDC Yves Nidegger au parlement hier: \u00ab\u00a0Vous avez \u00e9t\u00e9 abreuv\u00e9s de nombreux arguments.", "date": "06.05.2014"}, {"titre": "Sigmar Gabriel reconna\u00eet : la transition \u00e9nerg\u00e9tique est un \u00e9chec.", "resume": "Sigmar Gabriel est vice-chancelier de l\u2019Allemagne, ministre du commerce et patron du parti socialiste. Dans la GroKo (Grosse Koalition) il a tout le prestige de celui qui a d\u00e9velopp\u00e9 le mod\u00e8le de subventionnement massif des", "date": "04.05.2014"}, {"titre": "Les salaires minimum prennent l\u2019ascenseur partout", "resume": "30% au V\u00e9n\u00e9zuela. 20% en Bolivie. 13% en Angola. De 7.25$ \u00e0 10.10$ \u00a0(voire 15$) aux Etats-Unis. Hawa\u00ef aussi. 1.1% en France. Allemagne. Tunisie. Maroc. R\u00e9publique tch\u00e8que. Ha\u00efti. L\u2019id\u00e9e fait son chemin en Egypte. De", "date": "30.04.2014"}, {"titre": "Le PS combattra toute baisse fiscale", "resume": "", "date": "30.04.2014"}, {"titre": "Antisocial: Comment le salaire minimum va \u00e9jecter les r\u00e9fugi\u00e9s du march\u00e9 du travail l\u00e9gal", "resume": "", "date": "25.04.2014"}, {"titre": "Le SMIC, le ch\u00f4mage et le march\u00e9", "resume": "", "date": "19.04.2014"}, {"titre": "La corr\u00e9lation \u00e9vidente entre le salaire minimum et ch\u00f4mage ?", "resume": "Interview de Petr Mach par Alimuddin Usmani, parue dans le journal l\u2019Agefi, 19 avril 2014", "date": "19.04.2014"}, {"titre": "Smic: le Medef s\u2019empare de l\u2019id\u00e9e d\u2019un salaire minimum \u00ab transitoire \u00bb", "resume": "L\u2019\u00e9conomie fran\u00e7aise croule sous sa version du salaire minimum et demande un r\u00e9pit pour pouvoir souffler. \u00ab\u00a0Le pr\u00e9sident du Medef, qui souhaite en discuter avec le gouvernement et les partenaires sociaux, estime que cette id\u00e9e", "date": "16.04.2014"}, {"titre": "Pierre Sabatier: Salaire minimum, \u00ab\u00a0des accords par branche seraient la bonne solution\u00a0\u00bb [Audio]", "resume": "Directeur du cabinet de recherche \u00e9conomique Primeview, Pierre Sabatier revient sur les r\u00e9sultats de l\u2019instauration d\u2019un salaire minimum en France. Un principe qu\u2019il ne rejette pas totalement sur le fond mais qui lui semble cependant", "date": "04.04.2014"}, {"titre": "SMIC suisse, une des bonnes intentions dont l\u2019enfer est pav\u00e9", "resume": "", "date": "04.04.2014"}, {"titre": "Delamarche: Montebourg et Sapin, des \u00ab\u00a0cr\u00e9tins \u00e9conomiques\u00a0\u00bb [Audio]", "resume": "Olivier Delamarche, responsable g\u00e9rance et strat\u00e9gie chez\u00a0Platinium Gestion\u00a0et\u00a0star \u00e9conomique du net incontest\u00e9e\u00a0pour ses interventions sur\u00a0BFMTV, r\u00e9pond sans fard aux interrogations des Observateurs sur la constitution du nouveau gouvernement. Pas de changement pour maintenant\u2026 Ni pour", "date": "03.04.2014"}, {"titre": "La France veut en finir avec le smic", "resume": "V\u00e9ritable barri\u00e8re \u00e0 l\u2019entr\u00e9e sur le march\u00e9 du travail pour les jeunes et les moins qualifi\u00e9s, le salaire minimum fran\u00e7ais est inefficace pour lutter contre la pauvret\u00e9. Le smic se retourne contre les plus fragiles.", "date": "01.04.2014"}]