[{"titre": "Votation populaire 21.5.2017. Strat\u00e9gie \u00e9nerg\u00e9tique 2050. Pourquoi c\u2019est NON", "resume": "La Strat\u00e9gie \u00e9nerg\u00e9tique (SE) 2050 : bonnes questions et mauvaises", "date": "12.05.2017"}, {"titre": "Comit\u00e9 interparti : NON \u00e0 la Strat\u00e9gie \u00e9nerg\u00e9tique 2050. Les nombreuses raisons de dire NON", "resume": "Lien vers les diff\u00e9rentes argumentaires et dossiers, c\u2019est", "date": "12.05.2017"}, {"titre": "RIE III, la tentation de la col\u00e8re", "resume": "Suisse naturalis\u00e9, Conseiller communal UDC,", "date": "04.02.2017"}, {"titre": "Koeppel Roger. RIE III : Un article sur un sujet ardu, mais important. \u00c0 lire imp\u00e9rativement.", "resume": "RIE III Un article sur un sujet ardu, mais important. \u00c0 lire imp\u00e9rativement. De Roger K\u00f6ppel Roger K\u00f6ppel J\u2019en viens maintenant \u00e0 une question qui a \u00e0 peu pr\u00e8s tout le charme d\u2019un rendez-vous chez", "date": "12.01.2017"}, {"titre": "Appel aux dons pour LesObservateurs.ch. M\u00e0J, 27.1.2017", "resume": "M\u00e0j 27.1.2017. A la suite de la disparition du journal L\u2019Hebdo, des lecteurs ont fait des commentaires dans diff\u00e9rents\n m\u00e9dias avec des formules du genre : \u00a0\u00bb pas grave, on a Lesobservateurs.ch et c\u2019est gratuit", "date": "26.12.2016"}, {"titre": "Votations f\u00e9d\u00e9rales du 12.2. 2017. Le \u00ab\u00a0RIE III\u00a0\u00bb, c\u2019est  quoi? Un sujet tr\u00e8s important.Pr\u00e9sentation \u00e0 l\u2019oppos\u00e9 de la d\u00e9magogie de la gauche", "resume": "Service d\u2019information du Centre Patronal Publication hebdomadaire \u2013 R\u00e9dacteur responsable: P.-G. Bieri, Centre Patronal N\u00b0 3118 \u2013 13 d\u00e9cembre 2016 \u00a0 \u00a0 \u00a0 RIE III: une r\u00e9forme b\u00e9n\u00e9fique \u00e0 toute la Suisse \u00a0 La troisi\u00e8me", "date": "16.12.2016"}, {"titre": "Les ordolib\u00e9raux, une conf\u00e9rence de Patricia Commun \u00e0 Gen\u00e8ve", "resume": "", "date": "06.10.2016"}, {"titre": "La Deutsche Bank tousse, la finance s\u2019enrhume", "resume": "Suisse naturalis\u00e9, Conseiller communal UDC,", "date": "06.10.2016"}, {"titre": "Urgent. Appel aux Dons", "resume": "", "date": "01.09.2016"}, {"titre": "Jacques Rueff \u2013 Un lib\u00e9ral fran\u00e7ais, de G\u00e9rard Minart", "resume": "", "date": "13.08.2016"}, {"titre": "La conf\u00e9rence de Pierre Bessard sur l\u2019anarchie lib\u00e9rale", "resume": "", "date": "04.06.2016"}, {"titre": "Le Revenu de Base Inconditionnel, un doux parfum d\u2019utopie", "resume": "Les Suisses se prononceront le 5 juin prochain sur l\u2019introduction d\u2019un Revenu de Base Inconditionnel (RBI) \u00e0 l\u2019\u00e9chelle du pays, c\u2019est-\u00e0-dire un nouvel article constitutionnel visant \u00e0 instaurer un revenu permettant \u00e0 l\u2019ensemble de la", "date": "18.04.2016"}, {"titre": "\u00ab\u00a0L\u2019\u00e2ge de la retraite ne serait-il plus \u00abtabou\u00bb? \u00ab", "resume": "Service d\u2019information du Centre Patronal Publication hebdomadaire \u2013 R\u00e9dacteur responsable: P.-G. Bieri, Centre Patronal N\u00b0 3083 \u2013 12 avril 2016 \u00a0 \u00a0 \u00a0 R\u00e9forme de la pr\u00e9voyance: l\u2019\u00e2ge de la retraite ne serait-il plus \u00abtabou\u00bb?", "date": "14.04.2016"}, {"titre": "L\u2019indignit\u00e9 du revenu de base inconditionnel", "resume": "", "date": "13.04.2016"}, {"titre": "La Belgique est en \u00e9tat de guerre civile, radicalisation des clivages politiques", "resume": "", "date": "04.04.2016"}, {"titre": "L\u2019hydraulique c\u2019est plus qu\u2019Alpiq : comprendre pour agir.", "resume": "", "date": "01.04.2016"}, {"titre": "Danser sur un volcan, de Nicolas Baverez", "resume": "", "date": "31.03.2016"}, {"titre": "Pour une nouvelle politique \u00e9trang\u00e8re en Suisse par Fran\u00e7ois Schaller", "resume": "Jusqu\u2019o\u00f9 faudra-t-il avoir le plaisir d\u2019\u00eatre trait\u00e9 comme le dernier des grands \u2013 une sorte d\u2019imposteur \u2013 plut\u00f4t que le premier des petits?", "date": "11.03.2016"}, {"titre": "Le salon de l\u2019agriculture sous haute tension", "resume": "Ce samedi avait lieu l\u2019ouverture du salon de l\u2019agriculture porte de Versailles. Une fois n\u2019est pas coutume le pr\u00e9sident de la R\u00e9publique a \u00e9t\u00e9 chahut\u00e9 lors de cette sortie publique. Les paysans qui traversent une", "date": "29.02.2016"}, {"titre": "Le long travail militant de l\u2019universit\u00e9", "resume": "Consultant", "date": "13.01.2016"}]