[{"titre": "L\u2019UE donne un d\u00e9lai \u00e0 la Suisse pour se rendre", "resume": "Un effet des votations du mois de f\u00e9vrier", "date": "04.12.2013"}, {"titre": "Inversion de la courbe du ch\u00f4mage: Hollande pr\u00e9pare la France au pire", "resume": "En visite surprise \u00e0 Aubervilliers, le chef de l\u2019\u00c9tat a sembl\u00e9 prendre ses distances avec sa promesse de faire baisser le ch\u00f4mage d\u2019ici la fin de l\u2019ann\u00e9e, avant de la confirmer \u00e0 nouveau. Jeudi matin,", "date": "28.11.2013"}, {"titre": "A l\u2019\u00e9cole du genre", "resume": "Ecrivain, philosophe, d\u00e9put\u00e9 PLR GC", "date": "28.11.2013"}, {"titre": "T\u00e9l\u00e9charger des s\u00e9ries, bient\u00f4t interdit en Suisse?", "resume": "Votre passion pour les s\u00e9ries am\u00e9ricaines pourrait bient\u00f4t \u00eatre douch\u00e9e par la Conf\u00e9d\u00e9ration. Le groupe de travail sur le droit d\u2019auteur (AGUR 12) r\u00e9uni par le D\u00e9partement f\u00e9d\u00e9ral de Justice et Police propose de bloquer", "date": "28.11.2013"}, {"titre": "Salaire minimum: les d\u00e9bats", "resume": "Extraits des interventions", "date": "27.11.2013"}, {"titre": "Slovaquie : allocations contre travail", "resume": "\u201cLes allocations d\u2019urgence : \u00e0 partir de janvier, il faudra les m\u00e9riter\u201d, annonce Pravda. Le 26 novembre, le Parlement a mis en minorit\u00e9 le veto du pr\u00e9sident Ivan Ga\u0161parovi\u010d sur la l\u00e9gislation introduisant une obligation", "date": "27.11.2013"}, {"titre": "Mme Cahuzac poss\u00e8de \u00e9galement un compte en Suisse", "resume": "Patricia Cahuzac, la femme de J\u00e9r\u00f4me Cahuzac, poss\u00e8de un \u00ab\u00a0compte \u00e0 probl\u00e8mes\u00a0\u00bb en Suisse, selon le quotidien \u00ab\u00a0L\u2019Agefi\u00a0\u00bb publi\u00e9 mercredi. Il serait aliment\u00e9 \u00ab\u00a0\u00e0 hauteur d\u20191 mio EUR\u00a0\u00bb, pr\u00e9cise le journal, sans citer ses sources.", "date": "27.11.2013"}, {"titre": "Taxe \u00e0 75\u2009%\u2009: les PME en premi\u00e8re ligne", "resume": "Pr\u00e8s de 70\u2009% des entreprises qui paieront la taxe font moins de 250 millions de chiffre d\u2019affaires. Il n\u2019est pas certain que l\u2019objectif initial de la fameuse taxe \u00e0 75\u2009% \u00e9tait de faire payer les", "date": "22.11.2013"}, {"titre": "\u00abC\u2019est comme si on avait construit tout le L\u00e9man\u00bb", "resume": "Un septi\u00e8me du territoire suisse a \u00e9t\u00e9 transform\u00e9 depuis 1985. \u00abLa surface du lac L\u00e9man ou dix fois Manhattan!\u00bb. Maria Lezzi, la directrice de l\u2019Office f\u00e9d\u00e9ral du d\u00e9veloppement territorial (ARE) utilise ces comparaisons pour permettre", "date": "22.11.2013"}, {"titre": "Mais c\u2019est le Gouvernement qui est \u00e0 Plat !", "resume": "\u00ab A plat \u00bb qu\u2019il a dit\u2026 Le Premier Ministre a dit qu\u2019il qu\u2019il fallait remettre la fiscalit\u00e9 \u00e0 plat. On a du mal \u00e0 en croire ses oreilles. Voil\u00e0 quelqu\u2019un qui a fait de", "date": "22.11.2013"}, {"titre": "Des \u0153ill\u00e8res id\u00e9ologiques pour conduire la Suisse \u00e0 la catastrophe?", "resume": "Communiqu\u00e9 de", "date": "22.11.2013"}, {"titre": "1:12 polarise notre soci\u00e9t\u00e9", "resume": "Alain Salamin dans Le Temps du", "date": "22.11.2013"}, {"titre": "Cela porte un nom: ploutocratie", "resume": "Myret Zaki dans", "date": "21.11.2013"}, {"titre": "Allemagne: Merkel se r\u00e9soud \u00e0 un salaire minimum g\u00e9n\u00e9ralis\u00e9", "resume": "La chanceli\u00e8re allemande Angela Merkel a affirm\u00e9 jeudi que l\u2019Allemagne allait se doter d\u2019un salaire minimum g\u00e9n\u00e9ralis\u00e9, une concession faite \u00e0 ses futurs partenaires de gouvernement sociaux-d\u00e9mocrates. \u00ab\u00a0Nous allons d\u00e9cider des choses que, au vu", "date": "21.11.2013"}, {"titre": "Gr\u00e8ve des douaniers: fort ralentissement \u00e0 la sortie de Suisse", "resume": "Les douaniers fran\u00e7ais sont en gr\u00e8ve ce jeudi 21 novembre. Ils contestent le projet strat\u00e9gique pour la douane 2018 concoct\u00e9 par le minist\u00e8re de l\u2019Economie et des Finances qui impliquerait, selon Alain Court, \u00abun d\u00e9mant\u00e8lement", "date": "21.11.2013"}, {"titre": "Hausse en vue des taxes des \u00e9tudiants \u00e9trangers", "resume": "Le Conseil f\u00e9d\u00e9ral est pr\u00eat \u00e0 mettre sur pied un r\u00e9gime diff\u00e9renci\u00e9. Les \u00e9trangers venus \u00e9tudier aux Ecoles polytechniques f\u00e9d\u00e9rales (EPF) pourraient payer davantage que les Suisses. Lire la", "date": "21.11.2013"}, {"titre": "L\u2019Auvergne offre le loyer aux salari\u00e9s qui viendront s\u2019y installer", "resume": "Pour la deuxi\u00e8me ann\u00e9e, la r\u00e9gion versera jusqu\u2019\u00e0 3000 euros aux candidats int\u00e9ress\u00e9s par plusieurs centaines d\u2019offres d\u2019emploi ou de reprise d\u2019entreprises sur son territoire. Et de deux: visiblement satisfaite des 5000 candidatures re\u00e7ues en", "date": "19.11.2013"}, {"titre": "La Poste: Payer avec de l\u2019argent liquide, c\u2019est bient\u00f4t fini!", "resume": "Gen\u00e8ve a inaugur\u00e9 la premi\u00e8re poste du canton mettant fin aux transactions avec de l\u2019argent liquide. \u00abJ\u2019ai voulu faire mes paiements dans la nouvelle poste au Petit -Lancy, mais on a refus\u00e9 mes billets", "date": "19.11.2013"}, {"titre": "L\u2019initiative 1:12 divise les syndicats", "resume": "Le partenariat social se meurt. \u00abC\u2019est le cas chaque fois que l\u2019on d\u00e9cide d\u2019acqu\u00e9rir par la loi quelque chose que l\u2019on n\u2019a pas pu obtenir par la n\u00e9gociation\u00bb, d\u00e9clarait derni\u00e8rement le futur ex-conseiller d\u2019Etat genevois", "date": "19.11.2013"}, {"titre": "Delamarche: Les banques espagnoles sont virtuellement toutes en faillite", "resume": "", "date": "19.11.2013"}]