[{"titre": "9 f\u00e9vrier: Ces entreprises \u00e9trang\u00e8res qui quittent la Suisse", "resume": "Nos lecteurs nous", "date": "26.03.2014"}, {"titre": "L\u2019UE profite au moins autant des Bilat\u00e9rales que la Suisse", "resume": "Nos lecteurs nous", "date": "26.03.2014"}, {"titre": "Le CF ne voit pas la n\u00e9cessit\u00e9 de prot\u00e9ger l\u2019\u00e9conomie face aux USA", "resume": "L\u2019\u00e9trange r\u00e9ponse du Conseil f\u00e9d\u00e9ral \u00e0 une interpellation du conseiller aux Etats Vert vaudois Luc Recordon sur les relations \u00e9conomiques Suisse-Etats-Unis: \u00ab\u00a0Les Etats-Unis jouent, il est vrai, un r\u00f4le important dans le monde de l\u2019\u00e9conomie,", "date": "18.03.2014"}, {"titre": "Frontaliers: la France r\u00e9guli\u00e8rement en retard dans ses paiements", "resume": "A une interpellation du Conseiller aux Etats Vert vaudois Luc Recordon sur les retards de paiement de la France de la\u00a0r\u00e9trocession fiscale pour les travailleurs frontaliers, le Conseil f\u00e9d\u00e9ral l\u00e8ve le voile sur la mani\u00e8re", "date": "18.03.2014"}, {"titre": "Fiscalit\u00e9: le combat de l\u2019Etat contre les particuliers", "resume": "Criminaliser le revenu\u2026 quelle dr\u00f4le d\u2019id\u00e9e", "date": "14.03.2014"}, {"titre": "La Grande Manip des fausses causalit\u00e9s. L\u2019arme des tyrans", "resume": "", "date": "13.03.2014"}, {"titre": "Fausse-monnaie et r\u00e9serves fractionnaires: la descente en enfer", "resume": "International Business", "date": "13.03.2014"}, {"titre": "Garessus: Le march\u00e9, une conqu\u00eate sociale au service des pauvres", "resume": "Emmanuel Garessus, dans\u00a0Le Temps\u00a0du jour, \u00e0 propos de\u00a0Le March\u00e9. Histoire et usages d\u2019une conqu\u00eate sociale\u200a, de Laurence Fontaine, une historienne fran\u00e7aise. \u00ab\u00a0L\u2019acc\u00e8s au march\u00e9 doit \u00eatre ouvert \u00e0 tous, exige l\u2019auteure. Dans la lign\u00e9e d\u2019Amartya", "date": "12.03.2014"}, {"titre": "Erasmus ne suffisait pas \u00e0 payer les \u00e9changes des \u00e9tudiants", "resume": "En 2011, la Conf\u00e9rence des recteurs des universit\u00e9s suisses, qui venait de commanditer une \u00e9tude, s\u2019inqui\u00e9tait des montants trop faibles des bourses Erasmus. Extrait de la Newsletter de janvier 2011, intitul\u00e9e \u00ab\u00a0Bologne n\u2019est pas achev\u00e9e", "date": "12.03.2014"}, {"titre": "Klaus Schwab : marche forc\u00e9e vers une \u00ab\u00a0identit\u00e9 globale\u00a0\u00bb", "resume": "International Business", "date": "03.03.2014"}, {"titre": "Salaire minimum: les lacunes d\u2019UNIA", "resume": "Emmanuel Garessus dans\u00a0Le Temps du jour. \u00ab\u00a0L\u2019\u00e9conomiste d\u2019Unia, Beat Baumann, relativise le co\u00fbt d\u2019adaptation de l\u2019\u00e9conomie suisse. Il l\u2019\u00e9value \u00e0 1,6 milliard de francs \u00abpour l\u2019\u00e9conomie\u00bb, et il estime ses m\u00e9rites fiscaux \u00e0 570 millions.", "date": "26.02.2014"}, {"titre": "Troubles sur la place financi\u00e8re pour tomber un r\u00e9gime europ\u00e9en", "resume": "Les s\u00e9nateurs Carl Levin et John McCain, membres de la commission du S\u00e9nat am\u00e9ricain qui enqu\u00eate sur l\u2019\u00e9vasion fiscale, rendent leur rapport sur Credit Suisse.", "date": "26.02.2014"}, {"titre": "Le m\u00e9canisme qui a permis la suppression des dividendes de la Banque Nationale Suisse", "resume": "Fondatrice\u00a0Pro Mind Consulting,", "date": "25.02.2014"}, {"titre": "Myret Zaki : r\u00eaveries d\u2019une adh\u00e9sion", "resume": "International Business", "date": "25.02.2014"}, {"titre": "OCDE: les Etats-Unis peuvent rester un paradis fiscal", "resume": "TdG: \u00ab\u00a0Les Etats-Unis ont r\u00e9ussi \u00e0 introduire une clause leur permettant de se soustraire aux nouvelles normes internationales d\u2019\u00e9change automatique d\u2019informations mises sur pied par l\u2019Organisation de coop\u00e9ration et de d\u00e9veloppement \u00e9conomiques (OCDE), \u00e0 laquelle", "date": "21.02.2014"}, {"titre": "L\u2019UE ne peut pas nous punir\u2026", "resume": "Philosophe, \u00e9crivain,", "date": "15.02.2014"}, {"titre": "\u00ab\u00a0La Tyrannie fiscale\u00a0\u00bb de Pascal Salin", "resume": "", "date": "13.02.2014"}, {"titre": "1992-2014: Les menaces des experts \u00e9conomistes", "resume": "On va tous mourir\u2026 ou", "date": "10.02.2014"}, {"titre": "Fuir l\u2019imp\u00f4t: un devoir moral", "resume": "", "date": "06.02.2014"}, {"titre": "Une autre vision de la Crise, une bien triste sortie de Crise", "resume": "", "date": "31.01.2014"}]